Model,Feature Set,Seed,Threshold,Balanced Accuracy,Precision,Recall,F1 (positive),Macro-F1,PR-AUC,AUC-ROC,TP,TN,FP,FN
LSTM,T,42,0.4889991283416748,0.6518146894476682,0.6542735042735043,0.8143617021276596,0.7255924170616114,0.6489852779547347,0.7392773437427533,0.7202149486890177,1531,775,809,349
LSTM,T,1,0.4599078595638275,0.5280101547388781,0.5579847908745247,0.9367021276595745,0.6993645750595711,0.4495765792845424,0.6355367855681882,0.5977705915538362,1761,189,1395,119
LSTM,T,7,0.4680348336696625,0.5203229099505695,0.5534998458217699,0.9547872340425532,0.7007612726917821,0.4257268967337027,0.6280241416643064,0.5875851265312702,1795,136,1448,85
LSTM,T,13,0.4704141318798065,0.6467641843971631,0.6498302207130731,0.8143617021276596,0.722851746931067,0.643372381637896,0.7582252755947244,0.7257678178057168,1531,759,825,349
LSTM,T,21,0.46523454785346985,0.6229583064689448,0.6290849673202614,0.8191489361702128,0.711645101663586,0.6158225508317929,0.7382946687503138,0.7063188399957017,1540,676,908,340
LSTM,T,37,0.4335533082485199,0.622682946486138,0.6257378984651711,0.8457446808510638,0.7192942773128251,0.6121401582016859,0.7437839231936809,0.7145955902106169,1590,633,951,290
LSTM,T,55,0.4527553617954254,0.6287328067913174,0.6293542074363992,0.8553191489361702,0.7251409244644871,0.6180859054733185,0.7554401570823575,0.7208993189877497,1608,637,947,272
LSTM,T,77,0.490280419588089,0.6424994627122287,0.6433853738701726,0.8329787234042553,0.7260083449235049,0.6369138893707043,0.7437093890638435,0.7137298852890608,1566,716,868,314
LSTM,T,99,0.4716547429561615,0.6511189017837954,0.6524493243243243,0.8218085106382979,0.7274011299435028,0.6476557888523484,0.7541169087972767,0.7223432798732,1545,761,823,335
LSTM,T,123,0.5074508190155029,0.6623173221577476,0.6738721804511278,0.7627659574468085,0.7155688622754491,0.6625789516856697,0.76148041741424,0.7328620312164195,1434,890,694,446
GRU,T,42,0.5028243064880371,0.5291653234472383,0.5591609308423467,0.9074468085106383,0.6919488947475158,0.4656539666526762,0.6322515934473762,0.5943450462067483,1706,239,1345,174
GRU,T,1,0.48563334345817566,0.544050881151945,0.5679546968687542,0.9069148936170213,0.6984842277755019,0.48951581867758476,0.6308417557619801,0.5956775198796476,1705,287,1297,175
GRU,T,7,0.38907334208488464,0.6412126584998925,0.6377151799687011,0.8670212765957447,0.7348963029756538,0.6314930953080515,0.7580191712696491,0.7251898976466796,1630,658,926,250
GRU,T,13,0.47774049639701843,0.623099344508919,0.6332905434317501,0.7872340425531915,0.7019207967749586,0.6191271265320754,0.7196760016298639,0.6913231382978724,1480,727,857,400
GRU,T,21,0.49873968958854675,0.5555260047281324,0.5756114364450569,0.8888297872340426,0.6987246498013799,0.513464889003254,0.6289210694032639,0.5979259013002365,1671,352,1232,209
GRU,T,37,0.5008537173271179,0.6192966903073286,0.6291613990729035,0.7941489361702128,0.7020926404890665,0.6142238903379912,0.7334023425187112,0.7004289907049215,1493,704,880,387
GRU,T,55,0.44134122133255005,0.5105577047066409,0.5481927710843374,0.9680851063829787,0.7,0.3986111111111111,0.6305635294047385,0.5961699777025575,1820,84,1500,60
GRU,T,77,0.4879680573940277,0.5443141521598969,0.5683962264150944,0.8973404255319148,0.695957095709571,0.4936516247778624,0.6313521874170689,0.5926871776273371,1687,303,1281,193
GRU,T,99,0.45141321420669556,0.533254083387062,0.5613977792292619,0.9143617021276595,0.6956697693241602,0.46918433078494015,0.6334607602818524,0.5970113367719752,1719,241,1343,161
GRU,T,123,0.4838517904281616,0.535645013969482,0.5629117259552042,0.9090425531914894,0.6952807160292921,0.4753739564241888,0.6270611217822362,0.5921164772727273,1709,257,1327,171
LSTM,T+O+W,42,0.5051863193511963,0.7307167418869547,0.7738927738927739,0.7063829787234043,0.7385984427141268,0.7282427987880358,0.8281673278070837,0.7922942859445519,1328,1196,388,552
LSTM,T+O+W,1,0.4401665925979614,0.7205109606705351,0.7219858156028369,0.8122340425531915,0.7644555694618272,0.7218118283722366,0.834318664284327,0.8046723887814313,1527,996,588,353
LSTM,T+O+W,7,0.48401525616645813,0.7328927573608425,0.7511712649661635,0.7675531914893617,0.7592738752959748,0.7333305737209007,0.832568269942227,0.8003445357833656,1443,1106,478,437
LSTM,T+O+W,13,0.5453925728797913,0.7388002364066194,0.7693156732891833,0.7414893617021276,0.7551462621885157,0.7378945155194742,0.8249324994874507,0.8004212671932087,1394,1166,418,486
LSTM,T+O+W,21,0.47076305747032166,0.7185082205029014,0.7530795072788354,0.7154255319148937,0.7337697763229678,0.7172834166716004,0.8238699215753627,0.7886538254889319,1345,1143,441,535
LSTM,T+O+W,37,0.6282153725624084,0.7402885235332044,0.7833430401863716,0.7154255319148937,0.7478454267445093,0.7377774116610568,0.8225097844896184,0.7990150843541802,1345,1212,372,535
LSTM,T+O+W,55,0.5883995890617371,0.7445142918547174,0.7787759685569905,0.7377659574468085,0.7577164709095875,0.7431067815215217,0.8322867688046058,0.8031273506339995,1387,1190,394,493
LSTM,T+O+W,77,0.5114309191703796,0.7428769073715882,0.7646121147715197,0.7654255319148936,0.7650186071238703,0.7429009649643357,0.8326071201645222,0.8027838222652053,1439,1141,443,441
LSTM,T+O+W,99,0.499996542930603,0.7296018697614443,0.7490852064819655,0.7622340425531915,0.755602425520696,0.7299543228081948,0.8297186985114395,0.7951325085966043,1433,1104,480,447
LSTM,T+O+W,123,0.5114298462867737,0.7143899097356544,0.7449259462424574,0.7223404255319149,0.7334593572778828,0.7137064228249879,0.8231103565561104,0.7832366215344938,1358,1119,465,522
GRU,T+O+W,42,0.44212689995765686,0.7196956264775414,0.7225130890052356,0.8074468085106383,0.7626224566691786,0.7209786867668934,0.8310181707716013,0.8017545803782505,1518,1001,583,362
GRU,T+O+W,1,0.47606608271598816,0.7370459918332259,0.7565582371458552,0.7670212765957447,0.7617538298996303,0.7373377679097133,0.8340251106288816,0.8045266494734581,1442,1120,464,438
GRU,T+O+W,7,0.498867928981781,0.7325099398237696,0.7516989022477784,0.7648936170212766,0.7582388610598471,0.7328674369095088,0.8307173540082469,0.7982944471308833,1438,1109,475,442
GRU,T+O+W,13,0.4260490834712982,0.7172523103374167,0.7211079274116523,0.8031914893617021,0.7599396074484147,0.718493838930707,0.8331481773312848,0.8006501182033096,1510,1000,584,370
GRU,T+O+W,21,0.4338228702545166,0.7170091876208897,0.7143514259429623,0.826063829787234,0.7661568820917612,0.7181515099394088,0.8385279526023363,0.8088464431549537,1553,963,621,327
GRU,T+O+W,37,0.5106647610664368,0.7403785192349022,0.7714443829551744,0.7414893617021276,0.7561703281800922,0.7393934022881331,0.8219105711661603,0.7941492719750699,1394,1171,413,486
GRU,T+O+W,55,0.4225844740867615,0.7209582527401677,0.7238912732474965,0.8074468085106383,0.7633894895649987,0.7222572659617607,0.8304498818451991,0.8018079733505264,1518,1005,579,362
GRU,T+O+W,77,0.505867063999176,0.7344723834085536,0.7775189283634246,0.7101063829787234,0.7422852376980817,0.7319952156668132,0.8296796171493268,0.7988794191919193,1335,1202,382,545
GRU,T+O+W,99,0.5055301785469055,0.7311600042983022,0.7561761546723953,0.7489361702127659,0.7525387493319081,0.730946085274868,0.8340258460338994,0.8022357887384484,1408,1130,454,472
GRU,T+O+W,123,0.543940007686615,0.7362279712013755,0.7614431879375336,0.752127659574468,0.7567567567567568,0.7359465388296476,0.8189938078180751,0.7968615678057167,1414,1141,443,466
LSTM,T+O+W+S,42,0.5938241481781006,0.7330002149151085,0.7948395217117684,0.6718085106382978,0.7281637359469588,0.7277707954091545,0.8273996471530207,0.7992961530195573,1263,1258,326,617
LSTM,T+O+W+S,1,0.6019757390022278,0.7332634859230605,0.8006430868167203,0.6622340425531915,0.7248908296943232,0.7271748737649972,0.8237849695866873,0.7976722007307113,1245,1274,310,635
LSTM,T+O+W+S,7,0.5671535134315491,0.7320411562432839,0.7843731072077529,0.6888297872340425,0.7335032568677429,0.7282470655842983,0.8216754248989726,0.7925246480765098,1295,1228,356,585
LSTM,T+O+W+S,13,0.4595073461532593,0.7368176445304104,0.7502548419979612,0.7829787234042553,0.7662675689744924,0.7376379970601561,0.8263212528726509,0.7989596765527616,1472,1094,490,408
LSTM,T+O+W+S,21,0.5597778558731079,0.7114294541156243,0.810611643330877,0.5851063829787234,0.6796416434970651,0.6993439862026101,0.8146669586747501,0.7838414060820975,1100,1327,257,780
LSTM,T+O+W+S,37,0.5576311349868774,0.7382387706855792,0.7631862217438106,0.7542553191489362,0.7586944890315677,0.7379679341709562,0.8164071338262311,0.7938765984311197,1418,1144,440,462
LSTM,T+O+W+S,55,0.5951682925224304,0.7323541263700839,0.7900928792569659,0.6787234042553192,0.7301859799713877,0.727749558584587,0.8205466031329356,0.7891521598968407,1276,1245,339,604
LSTM,T+O+W+S,77,0.6020018458366394,0.7414692134107028,0.7829861111111112,0.7196808510638298,0.75,0.7391566265060241,0.8252588429874108,0.7978035004298303,1353,1209,375,527
LSTM,T+O+W+S,99,0.5760444402694702,0.7385611433483774,0.7800925925925926,0.7170212765957447,0.7472283813747228,0.7362647930969999,0.8296548791332161,0.7984109714162906,1348,1204,380,532
LSTM,T+O+W+S,123,0.6032705307006836,0.7134577154523963,0.8108108108108109,0.5904255319148937,0.6832871652816251,0.7017957979167028,0.8192052838946662,0.7902196835375027,1110,1325,259,770
GRU,T+O+W+S,42,0.5311286449432373,0.7411629593810445,0.7963302752293578,0.6925531914893617,0.7408250355618776,0.7369522189236285,0.8356246777983477,0.8078177049752848,1302,1251,333,578
GRU,T+O+W+S,1,0.5727881789207458,0.7432677842252311,0.8104993597951344,0.6734042553191489,0.7356188262638002,0.7372873247784864,0.831082976210411,0.8070670132172791,1266,1288,296,614
GRU,T+O+W+S,7,0.48671168088912964,0.7390944014614227,0.7520366598778004,0.7856382978723404,0.7684703433922997,0.7399420458855144,0.8280430926954714,0.8028254620674834,1477,1097,487,403
GRU,T+O+W+S,13,0.5087592601776123,0.7378801310982162,0.7788683602771362,0.7175531914893617,0.7469545957918051,0.7356606513337796,0.8308590527496234,0.8026904685149366,1349,1201,383,531
GRU,T+O+W+S,21,0.6166499257087708,0.7365127337201806,0.7862275449101797,0.698404255319149,0.7397183098591549,0.7330918369899682,0.8192097874609342,0.7959505292284548,1313,1227,357,567
GRU,T+O+W+S,37,0.49141308665275574,0.7325220287986245,0.7583603020496225,0.747872340425532,0.7530798071772897,0.7322067789800036,0.8295061189202694,0.7996789705566302,1406,1136,448,474
GRU,T+O+W+S,55,0.4911165237426758,0.7361567805716742,0.7445328031809145,0.7968085106382978,0.7697841726618705,0.7373295039857442,0.8384508125065636,0.8124442563937245,1498,1070,514,382
GRU,T+O+W+S,77,0.6000123023986816,0.7407210401891253,0.7829367382472432,0.7175531914893617,0.7488204274215932,0.7383199881468868,0.8249091985146506,0.8006737924457339,1349,1210,374,531
GRU,T+O+W+S,99,0.57473224401474,0.7428715344938749,0.7731788079470199,0.7452127659574468,0.7589382448537378,0.7419536712525796,0.8313457825421048,0.807342709004943,1401,1173,411,479
GRU,T+O+W+S,123,0.5099908113479614,0.7446714485278315,0.7664893617021277,0.7664893617021277,0.7664893617021277,0.7446714485278315,0.8334636784629159,0.8107880668385988,1441,1145,439,439
