Model,Feature Set,Seed,Balanced Accuracy,Precision,Recall,F1 (positive),Macro-F1,PR-AUC,AUC-ROC,TP,TN,FP,FN
GAT-only,T,42,0.7640428054736778,0.3324175824175824,0.7527216174183515,0.46117198666031445,0.6584650903841045,0.3507772404820272,0.8268007566507958,484,3355,972,159
GAT-only,T,1,0.7326828791403825,0.26182003050330455,0.8009331259720062,0.3946360153256705,0.589541745725591,0.29319904530229923,0.8014801630760018,515,2875,1452,128
GAT-only,T,7,0.8234507833736662,0.39429407461594734,0.838258164852255,0.536318407960199,0.7093950173470605,0.4128036578902866,0.8699209024602652,539,3499,828,104
GAT-only,T,13,0.7323471809438439,0.2867513611615245,0.7371695178849145,0.41289198606271776,0.618272262000485,0.3290590767201195,0.8103080552112113,474,3148,1179,169
GAT-only,T,21,0.8319106295203793,0.39443651925820256,0.8600311041990669,0.5408312958435207,0.7109476301890181,0.4404120100732086,0.8740761560471861,553,3478,849,90
GAT-only,T,37,0.8079761388309723,0.36394557823129253,0.8320373250388803,0.5063890203502129,0.6865661723700727,0.3987191333921648,0.8553086859931545,535,3392,935,108
GAT-only,T,55,0.8243847360114669,0.40286144578313254,0.8320373250388803,0.5428716387620497,0.7149042595868222,0.48869565174045526,0.8842358786612757,535,3534,793,108
GAT-only,T,77,0.7818583518943766,0.32526381129733084,0.8149300155520995,0.4649511978704525,0.6540212663825331,0.3593392493223639,0.841095785046766,524,3240,1087,119
GAT-only,T,99,0.8164889994145049,0.3625,0.8569206842923794,0.5094775774387424,0.686524824465803,0.37411047324796637,0.8598016145861225,551,3358,969,92
GAT-only,T,123,0.8057737933285195,0.3426791277258567,0.8553654743390358,0.4893238434163701,0.6700389367887882,0.3686547389245856,0.8509744412907344,550,3272,1055,93
GAT-LSTM,T,42,0.8170111689931785,0.41185076810534016,0.8077474892395983,0.5455426356589147,0.7181475116333241,0.524735971844295,0.8844901411035566,563,3824,804,134
GAT-LSTM,T,1,0.8250879804669723,0.42027920646583394,0.8206599713055954,0.5558794946550049,0.7247507342921207,0.49800198909851057,0.8826176885999883,572,3839,789,125
GAT-LSTM,T,7,0.82837221255684,0.4136460554371002,0.8350071736011477,0.5532319391634981,0.7216194799959779,0.49829734062524333,0.8886072115462118,582,3803,825,115
GAT-LSTM,T,13,0.8096253668952877,0.36046511627906974,0.8450502152080345,0.5053625053625054,0.6833820580665153,0.47567305861568504,0.8761298266803401,589,3583,1045,108
GAT-LSTM,T,21,0.8119552372248517,0.43061062648691517,0.7790530846484935,0.5546475995914198,0.7271627321472975,0.48227963621177933,0.878314147928708,543,3910,718,154
GAT-LSTM,T,37,0.8278535680140471,0.4048275862068966,0.8421807747489239,0.5468095016301816,0.7161896502623447,0.48747839821186356,0.8804249971169192,587,3765,863,110
GAT-LSTM,T,55,0.8237008465717379,0.42620481927710846,0.812051649928264,0.5590123456790124,0.7277380568974772,0.4823262561600493,0.8793325264840426,566,3866,762,131
GAT-LSTM,T,77,0.833864481560063,0.38480853735091025,0.8794835007173601,0.5353711790393013,0.704049225883287,0.4979179303602344,0.8843422669571656,613,3648,980,84
GAT-LSTM,T,99,0.8181172800085315,0.39148073022312374,0.830703012912482,0.5321691176470589,0.7060184743297839,0.4897808097819495,0.8809957231200765,579,3728,900,118
GAT-LSTM,T,123,0.7801184295207637,0.33595166163141993,0.7977044476327116,0.47278911564625853,0.6616777585943995,0.3509750060273895,0.8332985606916418,556,3529,1099,141
GAT-GRU,T,42,0.818808599393127,0.3802453195610071,0.8450502152080345,0.5244879786286732,0.6987028184433228,0.5344373161186863,0.8907830075555317,589,3668,960,108
GAT-GRU,T,1,0.8285104764337592,0.41097818437719913,0.8378766140602583,0.5514636449480642,0.7200590611050682,0.4752557730200921,0.885391336373072,584,3791,837,113
GAT-GRU,T,7,0.8164536183594588,0.4012693935119887,0.8163558106169297,0.5380614657210402,0.7117958178048669,0.48256657749477,0.8833489991059348,569,3779,849,128
GAT-GRU,T,13,0.81055492796018,0.40795287187039764,0.7948350071736011,0.5391727493917275,0.7144962059931297,0.5156574143706463,0.8831129274864867,554,3824,804,143
GAT-GRU,T,21,0.8051099352825853,0.4084084084084084,0.7804878048780488,0.5362247412518482,0.7135363353631936,0.47002639315269223,0.8745590126347143,544,3840,788,153
GAT-GRU,T,37,0.8019199458352813,0.3344462993878687,0.8622668579626973,0.48195669607056935,0.6617728551466138,0.4030242865619015,0.856230678708231,601,3432,1196,96
GAT-GRU,T,55,0.8158828923563017,0.3702313946216385,0.8493543758967002,0.5156794425087108,0.6912847775148294,0.4345037373169108,0.8645190711147539,592,3621,1007,105
GAT-GRU,T,77,0.8171841538436738,0.42901474010861135,0.793400286944046,0.5568982880161127,0.7276642871290167,0.47519801443044934,0.8764888167464217,553,3892,736,144
GAT-GRU,T,99,0.8181175900172241,0.4301242236024845,0.7948350071736011,0.5581863979848867,0.7284873132451842,0.4511419588852538,0.8711617823763778,554,3894,734,143
GAT-GRU,T,123,0.831068978174148,0.4399075500770416,0.8192252510760402,0.5724310776942356,0.7369376647858815,0.45333795314076053,0.8807661616831736,571,3901,727,126
GAT-only,T+O+W,42,0.8011530909573186,0.37748344370860926,0.7978227060653188,0.5124875124875125,0.6947673138149328,0.4352045881159403,0.8625948464216694,513,3481,846,130
GAT-only,T+O+W,1,0.747771506699048,0.30061728395061726,0.7573872472783826,0.43040212107821474,0.6312489959305363,0.308067426632,0.814227169916841,487,3194,1133,156
GAT-only,T+O+W,7,0.7722239214796887,0.3143203883495146,0.8055987558320373,0.45220427760803145,0.6440652712396282,0.3455245453686664,0.8291702324116967,518,3197,1130,125
GAT-only,T+O+W,13,0.7798382322866186,0.3344240837696335,0.7947122861586314,0.4707508060801474,0.6614276620180631,0.3894999685717898,0.8403508872819624,511,3310,1017,132
GAT-only,T+O+W,21,0.7696179474175859,0.35893536121673003,0.7340590979782271,0.4821246169560776,0.6775443931685926,0.3629010806939686,0.8506155605099593,472,3484,843,171
GAT-only,T+O+W,37,0.7845935374143548,0.31560490940970193,0.8398133748055988,0.45879354290569246,0.6454262995308847,0.39080631961858536,0.8438449879432591,540,3156,1171,103
GAT-only,T+O+W,55,0.7671232138178266,0.29200652528548127,0.8351477449455676,0.43271555197421435,0.621962495751119,0.3442265949373771,0.8237406555315983,537,3025,1302,106
GAT-only,T+O+W,77,0.7495456033779722,0.30779054916985954,0.749611197511664,0.43639655952919876,0.6376782952865241,0.3230442044226761,0.8128576003473433,482,3243,1084,161
GAT-only,T+O+W,99,0.759871917120644,0.2902155887230514,0.8164852255054432,0.4282218597063622,0.6204944768617281,0.31724504366359363,0.8168981989827697,525,3043,1284,118
GAT-only,T+O+W,123,0.7568308652567103,0.301255230125523,0.7838258164852255,0.43523316062176165,0.631834838443095,0.3603789566965242,0.825565610127878,504,3158,1169,139
GAT-LSTM,T+O+W,42,0.8190983025164026,0.3980649619903248,0.8263988522238164,0.5373134328358209,0.710344936497854,0.4974670859020712,0.8851312390799438,576,3757,871,121
GAT-LSTM,T+O+W,1,0.8072189244186407,0.42652899126290705,0.7704447632711621,0.549079754601227,0.7238152396194542,0.5158232285572373,0.8842277187452336,537,3906,722,160
GAT-LSTM,T+O+W,7,0.8290033902550628,0.4482484076433121,0.8077474892395983,0.5765488991295443,0.7407293190600004,0.570930471792829,0.8937798615873189,563,3935,693,134
GAT-LSTM,T+O+W,13,0.8155246773119518,0.4222560975609756,0.7948350071736011,0.5515181682429069,0.723623914580891,0.4221746136025436,0.8716409008108587,554,3870,758,143
GAT-LSTM,T+O+W,21,0.8073398278087718,0.4131918119787718,0.7819225251076041,0.5406746031746031,0.7167120989002504,0.541117217834346,0.8890630793287444,545,3854,774,152
GAT-LSTM,T+O+W,37,0.7878418310849437,0.45864661654135336,0.7001434720229556,0.5542305508233958,0.7329595773579236,0.47167582274628544,0.8749412533527439,488,4052,576,209
GAT-LSTM,T+O+W,55,0.8253085516517883,0.44568690095846647,0.8005738880918221,0.5726013340174448,0.738432605866325,0.5372153441920161,0.8879299975571315,558,3934,694,139
GAT-LSTM,T+O+W,77,0.828678966158211,0.40551724137931033,0.8436154949784792,0.5477410340009315,0.7167730219987016,0.5559161064666086,0.8909759879667025,588,3766,862,109
GAT-LSTM,T+O+W,99,0.7831958858126382,0.39522342064714944,0.7360114777618364,0.5142857142857142,0.7011636543698936,0.47929903623941345,0.870022965443951,513,3843,785,184
GAT-LSTM,T+O+W,123,0.824556160554742,0.38722294654498046,0.8522238163558106,0.5324966382787988,0.7043050954786321,0.4528324712203659,0.8673310049613792,594,3688,940,103
GAT-GRU,T+O+W,42,0.8128324068206872,0.4193302891933029,0.7905308464849354,0.5479860765788165,0.7213827824727628,0.5390993251043535,0.8881504137376012,551,3865,763,146
GAT-GRU,T+O+W,1,0.8265227006965274,0.42112986060161406,0.8235294117647058,0.5572815533980583,0.7255557941611945,0.4846749026621512,0.882508255531485,574,3839,789,123
GAT-GRU,T+O+W,7,0.7683001231354527,0.4224215246636771,0.6757532281205165,0.5198675496688742,0.7107144944542605,0.47890482174792776,0.8653443142545717,471,3984,644,226
GAT-GRU,T+O+W,13,0.8238046994837736,0.4465004022526146,0.7962697274031564,0.5721649484536082,0.7384360907595251,0.5889388425758658,0.8893608426780287,555,3940,688,142
GAT-GRU,T+O+W,21,0.8255808942882759,0.46070234113712377,0.7905308464849354,0.5821447437929212,0.7459085029915845,0.5604936087300066,0.8917688351981391,551,3983,645,146
GAT-GRU,T+O+W,37,0.8372872875355425,0.4103967168262654,0.860832137733142,0.555812876331635,0.7214348800454548,0.5218882031667015,0.8894050189167305,600,3766,862,97
GAT-GRU,T+O+W,55,0.8367644578753988,0.4180154820548909,0.8522238163558106,0.5609065155807366,0.7259525545554879,0.5633360255621135,0.8972442087276127,594,3801,827,103
GAT-GRU,T+O+W,77,0.8167343312306476,0.38169934640522873,0.8378766140602583,0.5244723843735968,0.6993726043914761,0.582908677829262,0.8936216021497243,584,3682,946,113
GAT-GRU,T+O+W,99,0.823294425175682,0.40027510316368636,0.8350071736011477,0.5411436541143654,0.712506172274267,0.5865069925676587,0.8894206743557089,582,3756,872,115
GAT-GRU,T+O+W,123,0.8114494580428036,0.4073260073260073,0.7977044476327116,0.539282250242483,0.7143313906079671,0.5177088351783303,0.884168662089285,556,3819,809,141
GAT-only,T+O+W+S,42,0.7803739476634292,0.3929471032745592,0.7278382581648523,0.5103598691384951,0.6997888662248113,0.4530771249501091,0.8679367248435713,468,3604,723,175
GAT-only,T+O+W+S,1,0.7432228680199305,0.33458929917106256,0.6905132192846034,0.45076142131979696,0.6575011623537504,0.3557800780364955,0.828289473920671,444,3444,883,199
GAT-only,T+O+W+S,7,0.7325757720070116,0.4158415841584158,0.5878693623639192,0.48711340206185566,0.6961079647409898,0.44934021236940186,0.8634590715968056,378,3796,531,265
GAT-only,T+O+W+S,13,0.7816423405280812,0.41735159817351597,0.7107309486780715,0.525891829689298,0.712714264027775,0.49074903205897125,0.8679363654236608,457,3689,638,186
GAT-only,T+O+W+S,21,0.7246052760686362,0.3659454374412041,0.6049766718506998,0.45603751465416176,0.6716670449151304,0.42214999371493145,0.8480230646945057,389,3653,674,254
GAT-only,T+O+W+S,37,0.7753426080443208,0.376,0.7309486780715396,0.4965662968832541,0.6890685342997108,0.40172862206680265,0.8556657696743764,470,3547,780,173
GAT-only,T+O+W+S,55,0.7967947651208855,0.43064369900271987,0.7387247278382582,0.5441008018327605,0.7234782749705663,0.44480432407632486,0.8752054534064201,475,3699,628,168
GAT-only,T+O+W+S,77,0.7862481269729906,0.39600665557404324,0.7402799377916018,0.5159891598915989,0.7028370753133102,0.47184500590673034,0.8717864715064474,476,3601,726,167
GAT-only,T+O+W+S,99,0.7347358856699642,0.3685168334849864,0.6298600311041991,0.46498277841561425,0.6756482567364727,0.3829340068002826,0.8360329961854766,405,3633,694,238
GAT-only,T+O+W+S,123,0.7962998439039328,0.36616702355460384,0.7978227060653188,0.5019569471624267,0.6865154543309601,0.40210350527039546,0.8620429571488801,513,3439,888,130
GAT-LSTM,T+O+W+S,42,0.7998244420773558,0.3653970303421562,0.812051649928264,0.5040071237756011,0.685725599012979,0.5163009730480467,0.8708178277318896,566,3645,983,131
GAT-LSTM,T+O+W+S,1,0.8075256780200117,0.41705069124423966,0.7790530846484935,0.5432716358179089,0.7188673518356681,0.5506075436388312,0.8820003062885884,543,3869,759,154
GAT-LSTM,T+O+W+S,7,0.7456606533247192,0.5436893203883495,0.5624103299856528,0.5528913963328632,0.7421086097782167,0.5636171482881397,0.8917243489507445,392,4299,329,305
GAT-LSTM,T+O+W+S,13,0.7870376685362257,0.39984532095901004,0.7417503586800573,0.5195979899497487,0.7046026901249898,0.44409775893375864,0.8554274461855912,517,3852,776,180
GAT-LSTM,T+O+W+S,21,0.8246300976279375,0.4473049074818986,0.7977044476327116,0.5731958762886598,0.7390663652396227,0.5328644384597503,0.8867807953335012,556,3941,687,141
GAT-LSTM,T+O+W+S,37,0.794664967405686,0.39790575916230364,0.763271162123386,0.5231071779744346,0.7052629668887958,0.45818440735512256,0.8696196441348216,532,3823,805,165
GAT-LSTM,T+O+W+S,55,0.8139989695311056,0.39217032967032966,0.8192252510760402,0.5304226660473758,0.7057197477583002,0.534435053690248,0.8817447041215036,571,3743,885,126
GAT-LSTM,T+O+W+S,77,0.780136410024937,0.40749796251018744,0.7173601147776184,0.5197505197505198,0.7069300386971714,0.4871908323773385,0.8563326715681108,500,3901,727,197
GAT-LSTM,T+O+W+S,99,0.7898296068221753,0.44385026737967914,0.7144906743185079,0.5475536008796041,0.7271795860812923,0.51297604326489,0.866880717335314,498,4004,624,199
GAT-LSTM,T+O+W+S,123,0.8104857960217204,0.40932642487046633,0.793400286944046,0.5400390625,0.7152648230426064,0.5165116760354371,0.8765334579981622,553,3830,798,144
GAT-GRU,T+O+W+S,42,0.8053260113413581,0.40902255639097745,0.7804878048780488,0.5367538233843118,0.7139295035975253,0.48390391870920246,0.8759472315603729,544,3842,786,153
GAT-GRU,T+O+W+S,1,0.7805344611862917,0.49517684887459806,0.6628407460545194,0.5668711656441717,0.7443003278331723,0.5333304876573273,0.8648591506505842,462,4157,471,235
GAT-GRU,T+O+W+S,7,0.7710013838788039,0.4961067853170189,0.6398852223816356,0.5588972431077694,0.7405707775070546,0.5600563354919725,0.8714955067340089,446,4175,453,251
GAT-GRU,T+O+W+S,13,0.8208355912299781,0.4069602272727273,0.8220946915351507,0.5444180522565321,0.7160943391768324,0.5481208690991813,0.8854840289721723,573,3793,835,124
GAT-GRU,T+O+W+S,21,0.8189690288915701,0.4479081214109926,0.7833572453371592,0.569937369519833,0.7377967131546955,0.5486995459203651,0.8863415130160249,546,3955,673,151
GAT-GRU,T+O+W+S,37,0.812607340509828,0.3784313725490196,0.830703012912482,0.5199820386169735,0.6965338187861075,0.5574196394455133,0.8905554611751313,579,3677,951,118
GAT-GRU,T+O+W+S,55,0.8169243665592383,0.3713212273011897,0.8507890961262554,0.5170008718395815,0.6922007710083499,0.5177291082100758,0.8852930636175039,593,3624,1004,104
GAT-GRU,T+O+W+S,77,0.7810572908464354,0.4804928131416838,0.6714490674318508,0.5601436265709157,0.7391429793395841,0.5097603323348389,0.8678984758732635,468,4122,506,229
GAT-GRU,T+O+W+S,99,0.8263024395204042,0.43950039032006244,0.8077474892395983,0.5692618806875632,0.7355073241076193,0.556157022187137,0.8897964048911932,563,3910,718,134
GAT-GRU,T+O+W+S,123,0.8243101686571291,0.4263157894736842,0.8134863701578192,0.5594474592994573,0.7279436067226731,0.5509340099865604,0.887892176496629,567,3865,763,130
